[{"wp_inactive_widgets":["text-4","text-5"],"sidebar":["search-2","categories-2","art_posts-2","tag_cloud-2"],"sidebar-menu-right":["art_icon_box-2","art_button-2"],"sidebar-footer-top":["text-2"],"sidebar-footer-1":["media_image-2","text-3","art_socials-2"],"sidebar-footer-2":["nav_menu-3","media_image-3"],"sidebar-footer-3":["nav_menu-2"],"sidebar-copyright":["text-6"]},{"search":{"2":{"title":""},"_multiwidget":1},"categories":{"2":{"title":"","count":1,"hierarchical":0,"dropdown":0},"_multiwidget":1},"art_posts":{"2":{"title":"Recent Articles","layout":"layout_sidebar","limit":"4","ext_class":""},"_multiwidget":1},"tag_cloud":{"2":{"title":"Tags","count":0,"taxonomy":"post_tag"},"_multiwidget":1},"art_icon_box":{"2":{"title":"Opening time","icon_class":"ion-ios-time-outline","description":"Sat - Sun 08.00 to 14.00","style":"style-1","ext_class":""},"_multiwidget":1},"art_button":{"2":{"title":"RESERVATION","style":"default","link":"#","ext_class":""},"_multiwidget":1},"text":{"2":{"title":"","text":"[INSERT_ELEMENTOR id=\"293\"]","filter":true,"visual":true},"3":{"title":"","text":"Phasellus eget venenatis ante. Curabitur non ultrices.","filter":true,"visual":true},"6":{"title":"","text":"<i class=\"fa fa-map-marker\" aria-hidden=\"true\"><\/i> 46 Rd, South Bank, London 8NZ, United Kingdom","filter":true,"visual":true},"4":{"title":"","text":"46 Rd, South Bank, London 8NZ, United Kingdom.","filter":true,"visual":true},"5":{"title":"","text":"","filter":true,"visual":true},"_multiwidget":1},"media_image":{"2":{"size":"full","width":97,"height":70,"caption":"","alt":"","link_type":"custom","link_url":"","image_classes":"","link_classes":"","link_rel":"","link_target_blank":false,"image_title":"","attachment_id":157,"url":"http:\/\/demo.adobitheme.com\/superv\/wp-content\/uploads\/2019\/11\/logo-3.png","title":""},"3":{"size":"medium","width":471,"height":29,"caption":"","alt":"","link_type":"custom","link_url":"","image_classes":"","link_classes":"","link_rel":"","link_target_blank":false,"image_title":"","attachment_id":388,"url":"http:\/\/demo.adobitheme.com\/superv\/wp-content\/uploads\/2019\/12\/logo-brand-300x18.png","title":""},"_multiwidget":1},"art_socials":{"2":{"title":"","style":"top-bar","link_fb":"#","link_tw":"#","link_in":"#","link_ins":"#","ext_class":""},"_multiwidget":1},"nav_menu":{"3":{"nav_menu":16},"2":{"nav_menu":15},"_multiwidget":1}}]